{
  "cli": {
    "version": ">= 5.0.0"
  },
  "build": {
    "development": {
      "android": {
        "buildType": "apk",
        "gradleCommand": ":app:assembleDebug"
      },
      "developmentClient": true,
      "distribution": "internal"
    },
    "preview": {
      "android": {
        "buildType": "apk",
        "gradleCommand": ":app:assembleRelease"
      },
      "distribution": "internal"
    },
    "production": {
      "android": {
        "buildType": "app-bundle",
        "gradleCommand": ":app:bundleRelease"
      }
    }
  },
  "submit": {
    "production": {
      "android": {
        "serviceAccountKeyPath": "./google-play-service-account.json",
        "track": "internal"
      }
    }
  }
}
